Date,AAPL,AMZN,GOOGL,MSFT,SAN.MC
2020-01-31,74.61,100.44,71.1,161.26,2.85
2020-02-03,74.4,100.21,73.57,165.19,2.86
2020-02-04,76.86,102.48,71.73,170.63,2.96
2020-02-05,77.49,101.99,71.76,170.42,3.04
2020-02-06,78.39,102.51,73.25,173.96,3.07
2020-02-07,77.33,103.96,73.4,174.2,3.1
2020-02-10,77.69,106.7,74.87,178.76,3.08
2020-02-11,77.23,107.54,74.94,174.72,3.11
2020-02-12,79.06,108.0,75.36,174.98,3.17
2020-02-13,78.5,107.49,75.1,174.03,3.16
2020-02-14,78.52,106.74,75.37,175.59,3.15
2020-02-17,78.52,106.74,75.37,175.59,3.17
2020-02-18,77.08,107.78,75.4,177.37,3.13
2020-02-19,78.19,108.51,75.67,177.9,3.14
2020-02-20,77.39,107.65,75.28,175.18,3.09
2020-02-21,75.64,104.8,73.62,169.64,3.03
2020-02-24,72.05,100.46,70.46,162.33,2.91
2020-02-25,69.61,98.64,68.8,159.65,2.82
2020-02-26,70.71,98.98,69.0,161.65,2.85
2020-02-27,66.09,94.21,65.25,150.26,2.74
2020-02-28,66.05,94.19,66.46,153.89,2.67
2020-03-02,72.2,97.7,68.8,164.13,2.61
2020-03-03,69.91,95.45,66.38,156.27,2.6
2020-03-04,73.15,98.79,68.56,162.01,2.64
2020-03-05,70.78,96.2,65.25,157.94,2.51
2020-03-06,69.84,95.05,64.3,153.48,2.44
2020-03-09,64.31,90.03,60.33,143.07,2.15
2020-03-10,68.95,94.59,63.28,152.86,2.13
2020-03-11,66.55,91.04,60.09,145.93,2.2
2020-03-12,59.98,83.83,55.16,132.09,1.83
2020-03-13,67.16,89.25,60.26,150.87,1.81
2020-03-16,58.52,84.46,53.25,128.64,1.62
2020-03-17,61.1,90.39,55.48,139.23,1.75
2020-03-18,59.6,91.5,54.15,133.37,1.64
2020-03-19,59.15,94.05,55.17,135.56,1.64
2020-03-20,55.39,92.3,53.01,130.47,1.69
2020-03-23,54.21,95.14,52.31,129.17,1.7
2020-03-24,59.65,97.0,56.08,140.91,1.9
2020-03-25,59.32,94.29,54.67,139.56,1.98
2020-03-26,62.45,97.77,57.71,148.29,1.97
2020-03-27,59.86,95.0,55.1,142.2,1.86
2020-03-30,61.57,98.2,56.89,152.2,1.78
2020-03-31,61.44,97.49,57.66,149.81,1.78
2020-04-01,58.21,95.39,54.69,144.49,1.72
2020-04-02,59.18,95.94,55.43,147.48,1.73
2020-04-03,58.33,95.33,54.23,146.12,1.68
2020-04-06,63.42,99.88,58.72,156.99,1.79
2020-04-07,62.69,100.58,58.68,155.3,1.8
2020-04-08,64.29,102.15,59.9,156.86,1.78
2020-04-09,64.75,102.14,59.88,156.87,1.74
2020-04-13,66.02,108.44,60.07,157.22,1.74
2020-04-14,69.36,114.17,62.79,165.0,1.7
2020-04-15,68.73,115.38,62.39,163.27,1.61
2020-04-16,69.27,120.41,62.4,168.17,1.58
2020-04-17,68.33,118.75,63.47,169.65,1.57
2020-04-20,66.91,119.68,62.58,166.29,1.57
2020-04-21,64.85,116.41,60.15,159.41,1.5
2020-04-22,66.71,118.17,62.45,164.83,1.54
2020-04-23,66.45,119.97,63.08,162.83,1.6
2020-04-24,68.37,120.51,63.35,165.81,1.53
2020-04-27,68.42,118.8,63.07,165.33,1.58
2020-04-28,67.31,115.7,61.17,161.3,1.66
2020-04-29,69.52,118.64,66.61,168.54,1.74
2020-04-30,70.99,123.7,66.83,170.23,1.64
2020-05-01,69.85,114.3,65.37,165.83,1.64
2020-05-04,70.84,115.8,65.65,169.88,1.57
2020-05-05,71.9,115.89,66.95,171.71,1.6
2020-05-06,72.64,117.56,66.77,173.4,1.55
2020-05-07,73.39,118.38,67.95,174.4,1.57
2020-05-08,75.14,118.98,68.7,175.43,1.6
2020-05-11,76.32,120.45,69.65,177.39,1.56
2020-05-12,75.45,117.85,68.24,173.37,1.57
2020-05-13,74.54,118.4,66.91,170.75,1.5
2020-05-14,75.0,119.44,67.33,171.49,1.5
2020-05-15,74.55,120.49,68.14,173.98,1.47
2020-05-18,76.31,121.31,68.74,175.65,1.55
2020-05-19,75.87,122.47,68.2,174.43,1.46
2020-05-20,77.34,124.9,69.93,176.85,1.51
2020-05-21,76.77,122.34,69.81,174.73,1.49
2020-05-22,77.26,121.84,70.13,174.8,1.52
2020-05-25,77.26,121.84,70.13,174.8,1.55
2020-05-26,76.74,121.09,70.54,172.95,1.65
2020-05-27,77.07,120.52,70.48,173.18,1.73
2020-05-28,77.11,120.06,70.38,172.79,1.71
2020-05-29,77.03,122.12,71.14,174.56,1.64
2020-06-01,77.98,123.55,71.21,174.16,1.66
2020-06-02,78.34,123.62,71.57,176.14,1.74
2020-06-03,78.77,123.92,71.42,176.57,1.79
2020-06-04,78.09,123.03,70.18,174.24,1.82
2020-06-05,80.32,124.15,71.46,178.32,2.03
2020-06-08,80.79,126.2,71.86,179.42,2.05
2020-06-09,83.34,130.04,72.06,180.79,2.01
2020-06-10,85.49,132.37,72.69,187.5,1.95
2020-06-11,81.38,127.9,69.57,177.43,1.77
2020-06-12,82.08,127.25,70.12,178.83,1.78
2020-06-15,83.1,128.63,70.5,179.98,1.73
2020-06-16,85.3,130.76,71.78,184.39,1.81
2020-06-17,85.18,132.05,72.08,185.02,1.8
2020-06-18,85.22,132.7,71.17,187.01,1.75
2020-06-19,84.73,133.75,70.7,185.89,1.73
2020-06-22,86.95,135.69,71.99,191.05,1.71
2020-06-23,88.8,138.22,72.65,192.33,1.79
2020-06-24,87.24,136.72,71.1,188.45,1.71
2020-06-25,88.39,137.73,71.51,190.83,1.76
2020-06-26,85.68,134.64,67.62,187.01,1.7
2020-06-29,87.65,134.02,69.33,189.02,1.77
2020-06-30,88.38,137.94,70.37,193.85,1.74
2020-07-01,88.22,143.93,71.56,194.99,1.72
2020-07-02,88.22,144.51,72.95,196.47,1.83
2020-07-03,88.22,144.51,72.95,196.47,1.79
2020-07-06,90.58,152.85,74.42,200.7,1.88
2020-07-07,90.3,150.01,73.94,198.37,1.82
2020-07-08,92.4,154.06,74.62,202.73,1.78
2020-07-09,92.8,159.13,75.36,204.15,1.74
2020-07-10,92.96,160.0,76.37,203.53,1.78
2020-07-13,92.53,155.2,75.04,197.24,1.8
2020-07-14,94.06,154.2,75.47,198.46,1.78
2020-07-15,94.71,150.44,75.28,198.17,1.82
2020-07-16,93.54,149.99,75.18,194.24,1.81
2020-07-17,93.35,148.1,75.27,193.25,1.78
2020-07-20,95.32,159.84,77.61,201.56,1.77
2020-07-21,94.0,156.91,77.21,198.85,1.76
2020-07-22,94.27,155.0,77.66,201.7,1.73
2020-07-23,89.98,149.33,75.27,192.93,1.7
2020-07-24,89.76,150.45,74.84,191.75,1.71
2020-07-27,91.88,152.76,75.9,194.18,1.67
2020-07-28,90.37,150.02,74.62,192.43,1.69
2020-07-29,92.11,151.68,75.6,194.38,1.61
2020-07-30,93.22,152.59,76.34,194.23,1.52
2020-07-31,102.98,158.23,73.84,195.28,1.45
2020-08-03,105.57,155.59,73.58,206.27,1.49
2020-08-04,106.28,156.94,73.11,203.17,1.54
2020-08-05,106.66,160.25,73.4,202.84,1.52
2020-08-06,110.39,161.25,74.68,206.08,1.5
2020-08-07,107.88,158.37,74.36,202.4,1.47
2020-08-10,109.44,157.41,74.28,198.37,1.52
2020-08-11,106.19,154.03,73.47,193.73,1.61
2020-08-12,109.72,158.11,74.8,199.26,1.6
2020-08-13,111.66,158.05,75.26,198.8,1.56
2020-08-14,111.56,157.4,74.67,198.99,1.55
2020-08-17,111.27,159.12,75.24,200.3,1.52
2020-08-18,112.2,165.62,77.21,201.46,1.51
2020-08-19,112.34,163.02,76.65,200.23,1.55
2020-08-20,114.83,164.87,78.22,204.89,1.49
2020-08-21,120.75,164.24,78.19,203.4,1.47
2020-08-24,122.19,165.37,78.66,204.04,1.52
2020-08-25,121.19,167.32,79.69,206.7,1.52
2020-08-26,122.84,172.09,81.59,211.17,1.54
2020-08-27,121.37,170.0,80.82,216.35,1.52
2020-08-28,121.17,170.09,81.36,218.58,1.57
2020-08-31,125.28,172.55,80.87,215.35,1.49
2020-09-01,130.27,174.96,82.13,217.01,1.5
2020-09-02,127.57,176.57,85.23,221.19,1.46
2020-09-03,117.36,168.4,80.86,207.49,1.48
2020-09-04,117.44,164.73,78.47,204.58,1.53
2020-09-07,117.44,164.73,78.47,204.58,1.53
2020-09-08,109.53,157.49,75.61,193.51,1.49
2020-09-09,113.9,163.43,76.78,201.75,1.51
2020-09-10,110.18,158.76,75.73,196.1,1.48
2020-09-11,108.74,155.81,75.22,194.82,1.45
2020-09-14,112.0,155.15,74.88,196.14,1.46
2020-09-15,112.17,157.81,76.18,199.35,1.44
2020-09-16,108.86,153.9,75.04,195.79,1.44
2020-09-17,107.13,150.44,73.79,193.75,1.41
2020-09-18,103.73,147.75,72.01,191.34,1.36
2020-09-21,106.87,148.02,70.97,193.4,1.28
2020-09-22,108.55,156.45,72.44,198.06,1.25
2020-09-23,104.0,149.99,69.94,191.53,1.23
2020-09-24,105.07,150.99,70.61,194.02,1.24
2020-09-25,109.01,154.76,71.41,198.44,1.24
2020-09-28,111.61,158.7,72.39,199.98,1.33
2020-09-29,110.77,157.24,72.75,197.9,1.28
2020-09-30,112.44,157.44,72.73,200.83,1.28
2020-10-01,113.39,161.06,73.84,202.87,1.27
2020-10-02,109.73,156.25,72.23,196.88,1.27
2020-10-05,113.11,159.96,73.59,200.88,1.29
2020-10-06,109.86,155.0,72.01,196.61,1.37
2020-10-07,111.73,159.78,72.41,200.36,1.35
2020-10-08,111.62,159.53,73.62,201.07,1.38
2020-10-09,113.56,164.33,74.96,206.07,1.36
2020-10-12,120.78,172.15,77.64,211.4,1.34
2020-10-13,117.57,172.18,77.77,212.8,1.29
2020-10-14,117.66,168.19,77.59,210.89,1.3
2020-10-15,117.19,166.93,77.19,209.74,1.28
2020-10-16,115.55,163.64,77.8,209.74,1.32
2020-10-19,112.6,160.36,75.92,204.55,1.33
2020-10-20,114.09,160.85,76.97,204.96,1.36
2020-10-21,113.47,159.25,78.7,205.1,1.34
2020-10-22,112.38,158.82,79.73,205.19,1.35
2020-10-23,111.69,160.22,81.04,206.47,1.4
2020-10-26,111.7,160.35,78.62,200.6,1.38
2020-10-27,113.2,164.32,79.34,203.62,1.36
2020-10-28,107.96,158.14,74.97,193.53,1.32
2020-10-29,111.96,160.55,77.26,195.48,1.33
2020-10-30,105.69,151.81,80.2,193.33,1.37
2020-11-02,105.6,150.22,80.61,193.2,1.43
2020-11-03,107.22,152.42,81.67,197.11,1.49
2020-11-04,111.6,162.06,86.64,206.62,1.43
2020-11-05,115.56,166.1,87.46,213.21,1.47
2020-11-06,115.43,165.57,87.33,213.62,1.43
2020-11-09,113.13,157.19,87.41,208.53,1.71
2020-11-10,112.79,151.75,86.23,201.48,1.86
2020-11-11,116.21,156.87,86.71,206.77,1.88
2020-11-12,115.94,155.51,86.49,205.71,1.86
2020-11-13,115.99,156.44,87.95,206.74,1.91
2020-11-16,117.0,156.55,88.04,207.42,1.97
2020-11-17,116.11,156.78,87.42,204.78,1.98
2020-11-18,114.79,155.27,86.38,202.08,1.98
2020-11-19,115.38,155.85,87.27,203.36,1.95
2020-11-20,114.12,154.97,86.17,201.42,1.96
2020-11-23,110.72,154.92,85.73,201.15,1.97
2020-11-24,112.01,155.9,87.53,204.74,2.08
2020-11-25,112.84,159.25,87.55,204.75,2.06
2020-11-26,112.84,159.25,87.55,204.75,2.03
2020-11-27,113.39,159.77,88.68,206.05,2.06
2020-11-30,115.78,158.4,87.06,204.94,2.02
2020-12-01,119.35,161.0,89.09,206.99,2.14
2020-12-02,119.7,160.18,90.56,206.19,2.24
2020-12-03,119.56,159.34,90.41,205.1,2.27
2020-12-04,118.89,158.13,90.5,205.22,2.4
2020-12-07,120.35,157.9,90.17,205.15,2.28
2020-12-08,120.96,158.86,89.89,206.8,2.32
2020-12-09,118.44,155.21,88.23,202.77,2.28
2020-12-10,119.86,155.07,87.72,201.54,2.22
2020-12-11,119.05,155.82,88.07,204.17,2.16
2020-12-14,118.44,157.85,86.96,205.07,2.2
2020-12-15,124.37,158.26,87.39,205.0,2.26
2020-12-16,124.3,162.05,87.2,209.93,2.24
2020-12-17,125.17,161.8,86.37,210.06,2.25
2020-12-18,123.18,160.08,85.66,209.27,2.16
2020-12-21,124.71,160.31,86.08,213.1,2.05
2020-12-22,128.26,160.33,85.37,214.39,2.12
2020-12-23,127.36,159.26,85.76,211.59,2.19
2020-12-24,128.35,158.63,86.06,213.25,2.24
2020-12-28,132.94,164.2,88.03,215.37,2.17
2020-12-29,131.17,166.1,87.23,214.59,2.17
2020-12-30,130.05,164.29,86.16,212.23,2.16
2020-12-31,129.05,162.85,86.97,212.93,2.13
2021-01-04,125.86,159.33,85.66,208.41,2.15
2021-01-05,127.41,160.93,86.35,208.61,2.16
2021-01-06,123.12,156.92,85.5,203.2,2.3
2021-01-07,127.33,158.11,88.05,208.98,2.34
2021-01-08,128.42,159.13,89.22,210.25,2.31
2021-01-11,125.44,155.71,87.16,208.22,2.35
2021-01-12,125.26,156.04,86.22,205.76,2.39
2021-01-13,127.3,158.29,86.71,207.11,2.37
2021-01-14,125.37,156.37,85.9,203.94,2.35
2021-01-15,123.65,155.21,85.73,203.58,2.28
2021-01-18,123.65,155.21,85.73,203.58,2.29
2021-01-19,124.32,156.04,88.55,207.21,2.25
2021-01-20,128.4,163.17,93.3,214.77,2.25
2021-01-21,133.11,165.35,93.5,215.38,2.21
2021-01-22,135.25,164.61,93.92,216.31,2.16
2021-01-25,139.0,164.7,94.0,219.74,2.09
2021-01-26,139.23,166.31,94.68,222.42,2.12
2021-01-27,138.16,161.63,90.26,222.97,2.04
2021-01-28,133.33,161.88,91.97,228.74,2.08
2021-01-29,128.34,160.31,90.68,222.07,2.02
2021-02-01,130.46,167.14,93.94,229.43,2.02
2021-02-02,131.28,169.0,95.24,229.3,2.12
2021-02-03,130.26,165.63,102.17,232.64,2.14
2021-02-04,133.62,166.55,101.91,231.69,2.25
2021-02-05,133.2,167.61,103.66,231.87,2.33
2021-02-08,133.35,166.15,103.44,232.13,2.38
2021-02-09,132.47,165.25,102.99,233.37,2.37
2021-02-10,131.87,164.33,103.54,232.46,2.38
2021-02-11,131.62,163.11,103.65,234.06,2.34
2021-02-12,131.85,163.89,103.97,234.54,2.34
2021-02-15,131.85,163.89,103.97,234.54,2.44
2021-02-16,129.73,163.45,104.74,233.31,2.44
2021-02-17,127.44,165.43,105.14,234.32,2.42
2021-02-18,126.34,166.41,104.5,233.93,2.39
2021-02-19,126.49,162.49,103.66,231.23,2.49
2021-02-22,122.72,159.04,101.94,225.03,2.42
2021-02-23,122.59,159.73,102.23,223.84,2.47
2021-02-24,122.09,157.98,103.41,225.06,2.48
2021-02-25,117.84,152.86,100.04,219.73,2.48
2021-02-26,118.11,154.65,100.34,222.98,2.43
2021-03-01,124.47,157.31,102.71,227.36,2.45
2021-03-02,121.87,154.73,102.45,224.41,2.42
2021-03-03,118.89,150.25,99.82,218.36,2.47
2021-03-04,117.01,148.88,100.93,217.56,2.46
2021-03-05,118.26,150.02,104.07,222.23,2.5
2021-03-08,113.33,147.6,99.62,218.19,2.56
2021-03-09,117.94,153.14,101.25,224.33,2.49
2021-03-10,116.86,152.88,101.05,223.02,2.48
2021-03-11,118.79,155.68,104.24,227.54,2.44
2021-03-12,117.88,154.47,101.73,226.22,2.49
2021-03-15,120.77,154.08,101.95,225.31,2.45
2021-03-16,122.3,154.59,103.41,228.1,2.44
2021-03-17,121.52,156.79,103.33,227.45,2.45
2021-03-18,117.4,151.4,100.31,221.39,2.5
2021-03-19,116.87,153.75,100.59,221.03,2.42
2021-03-22,120.18,155.54,100.77,226.45,2.38
2021-03-23,119.35,156.88,101.3,227.97,2.39
2021-03-24,116.97,154.35,100.86,225.94,2.41
2021-03-25,117.45,152.31,100.86,222.94,2.39
2021-03-26,118.06,152.6,100.48,226.92,2.42
2021-03-29,118.23,153.79,101.52,225.73,2.4
2021-03-30,116.78,152.76,101.56,222.47,2.46
2021-03-31,118.97,154.7,102.35,226.24,2.43
2021-04-01,119.8,158.05,105.69,232.55,2.41
2021-04-05,122.63,161.34,110.12,239.0,2.41
2021-04-06,122.93,161.19,109.63,237.84,2.45
2021-04-07,124.57,163.97,111.11,239.79,2.47
2021-04-08,126.97,164.96,111.68,243.01,2.45
2021-04-09,129.54,168.61,112.68,245.5,2.43
2021-04-12,127.83,168.97,111.39,245.56,2.43
2021-04-13,130.93,170.0,111.88,248.04,2.41
2021-04-14,128.6,166.65,111.25,245.25,2.44
2021-04-15,131.0,168.95,113.41,249.01,2.38
2021-04-16,130.67,169.97,113.28,250.2,2.41
2021-04-19,131.33,168.6,113.63,248.28,2.48
2021-04-20,129.65,166.73,113.1,247.82,2.39
2021-04-21,130.03,168.1,113.06,250.04,2.36
2021-04-22,128.51,165.45,111.78,246.77,2.38
2021-04-23,130.83,167.04,114.13,250.59,2.38
2021-04-26,131.22,170.45,114.63,250.97,2.44
2021-04-27,130.9,170.87,113.69,251.38,2.56
2021-04-28,130.11,172.93,117.07,244.27,2.63
2021-04-29,130.01,173.57,118.74,242.3,2.68
2021-04-30,128.04,173.37,116.79,241.98,2.72
2021-05-03,129.09,169.32,116.28,241.67,2.7
2021-05-04,124.53,165.59,114.48,237.77,2.67
2021-05-05,124.77,163.53,114.87,236.5,2.72
2021-05-06,126.37,165.32,115.99,239.63,2.72
2021-05-07,127.04,164.58,116.71,242.25,2.72
2021-05-10,123.76,159.52,113.73,237.18,2.79
2021-05-11,122.84,161.2,112.65,236.27,2.75
2021-05-12,119.78,157.6,109.19,229.33,2.78
2021-05-13,121.93,158.07,110.62,233.2,2.76
2021-05-14,124.35,161.15,113.06,238.11,2.83
2021-05-17,123.2,163.52,113.59,235.26,2.81
2021-05-18,121.81,161.61,112.28,233.25,2.85
2021-05-19,121.65,161.59,112.72,233.83,2.78
2021-05-20,124.21,162.38,114.48,237.06,2.8
2021-05-21,122.38,160.15,113.85,235.8,2.85
2021-05-24,124.01,162.25,117.17,241.19,2.84
2021-05-25,123.81,162.95,117.26,242.1,2.85
2021-05-26,123.76,163.26,118.12,241.88,2.83
2021-05-27,122.23,161.51,117.25,239.78,2.91
2021-05-28,121.58,161.15,116.96,240.14,2.91
2021-05-31,121.58,161.15,116.96,240.14,2.89
2021-06-01,121.25,160.93,118.17,237.94,2.94
2021-06-02,122.01,161.7,117.64,237.85,2.94
2021-06-03,120.53,159.35,116.5,236.32,2.96
2021-06-04,122.82,160.31,118.78,241.2,2.91
2021-06-07,122.83,159.9,119.21,244.11,2.92
2021-06-08,123.65,163.21,119.02,242.92,2.87
2021-06-09,124.03,164.06,119.49,243.9,2.86
2021-06-10,123.04,167.48,120.84,247.41,2.91
2021-06-11,124.25,167.34,120.6,248.03,2.9
2021-06-14,127.3,169.19,121.53,249.96,2.9
2021-06-15,126.48,169.16,120.51,248.48,2.89
2021-06-16,126.98,170.76,119.87,247.54,2.84
2021-06-17,128.58,174.46,120.83,250.93,2.84
2021-06-18,127.28,174.35,119.21,249.51,2.78
2021-06-21,129.08,172.7,120.9,252.59,2.77
2021-06-22,130.72,175.27,121.41,255.36,2.78
2021-06-23,130.44,175.19,121.21,255.13,2.77
2021-06-24,130.16,172.45,121.58,256.5,2.8
2021-06-25,129.87,170.07,121.59,254.89,2.83
2021-06-28,131.5,172.19,121.62,258.45,2.76
2021-06-29,133.01,172.41,121.36,261.03,2.77
2021-06-30,133.63,172.01,121.17,260.54,2.72
2021-07-01,133.93,171.65,121.53,261.22,2.78
2021-07-02,136.55,175.55,124.32,267.04,2.72
2021-07-05,136.55,175.55,124.32,267.04,2.76
2021-07-06,138.56,183.79,125.24,267.05,2.67
2021-07-07,141.05,184.83,125.53,269.23,2.66
2021-07-08,139.75,186.57,124.11,266.82,2.58
2021-07-09,141.58,185.97,124.58,267.32,2.64
2021-07-12,140.98,185.93,126.02,266.72,2.65
2021-07-13,142.09,183.87,126.39,270.24,2.6
2021-07-14,145.52,184.08,127.28,271.71,2.62
2021-07-15,144.86,181.56,126.05,270.29,2.64
2021-07-16,142.83,178.68,126.02,270.02,2.57
2021-07-19,138.98,177.48,123.64,266.42,2.48
2021-07-20,142.59,178.66,125.26,268.64,2.5
2021-07-21,141.86,179.26,126.59,270.64,2.59
2021-07-22,143.23,181.9,127.46,275.2,2.6
2021-07-23,144.94,182.83,132.02,278.6,2.64
2021-07-26,145.36,184.99,133.03,278.0,2.69
2021-07-27,143.2,181.32,130.91,275.59,2.67
2021-07-28,141.45,181.52,135.07,275.28,2.58
2021-07-29,142.09,180.0,134.76,275.55,2.65
2021-07-30,142.31,166.38,133.72,274.02,2.61
2021-08-02,141.98,166.57,133.84,273.93,2.59
2021-08-03,143.77,168.31,134.61,276.14,2.62
2021-08-04,143.37,167.74,134.11,275.56,2.65
2021-08-05,143.48,168.8,135.23,278.45,2.66
2021-08-06,142.8,167.25,134.72,278.4,2.73
2021-08-09,142.75,167.09,135.89,277.31,2.73
2021-08-10,142.27,166.03,135.78,275.49,2.75
2021-08-11,142.52,164.61,135.26,275.98,2.78
2021-08-12,145.48,165.18,136.17,278.73,2.77
2021-08-13,145.69,164.7,136.69,281.66,2.76
2021-08-16,147.66,164.95,137.27,283.34,2.7
2021-08-17,146.75,162.1,135.64,281.88,2.65
2021-08-18,143.01,160.06,134.43,280.15,2.67
2021-08-19,143.34,159.39,134.66,285.97,2.6
2021-08-20,144.8,160.0,136.4,293.29,2.6
2021-08-23,146.28,163.29,138.99,293.57,2.64
2021-08-24,146.2,165.29,140.2,291.61,2.63
2021-08-25,144.96,164.96,141.01,291.02,2.7
2021-08-26,144.16,165.8,140.38,288.21,2.67
2021-08-27,145.2,167.48,142.92,288.82,2.67
2021-08-30,149.62,171.08,143.51,292.54,2.64
2021-08-31,148.35,173.54,143.61,290.9,2.64
2021-09-01,149.02,173.95,144.13,290.85,2.69
2021-09-02,150.13,173.16,142.21,290.19,2.65
2021-09-03,150.77,173.9,142.66,290.18,2.6
2021-09-06,150.77,173.9,142.66,290.18,2.63
2021-09-07,153.1,175.46,143.2,289.26,2.65
2021-09-08,151.56,176.27,142.61,289.29,2.59
2021-09-09,150.54,174.21,142.46,286.44,2.59
2021-09-10,145.56,173.46,139.82,284.95,2.57
2021-09-13,146.13,172.86,141.27,286.18,2.63
2021-09-14,144.73,172.5,141.48,288.88,2.61
2021-09-15,145.62,173.79,143.35,293.73,2.61
2021-09-16,145.38,174.41,142.53,294.12,2.62
2021-09-17,142.72,173.13,139.74,288.96,2.57
2021-09-20,139.67,167.79,137.68,283.59,2.44
2021-09-21,140.15,167.18,137.99,284.07,2.45
2021-09-22,142.51,169.0,139.23,287.72,2.53
2021-09-23,143.47,170.8,140.16,288.66,2.6
2021-09-24,143.56,171.28,141.15,288.46,2.62
2021-09-27,142.04,170.29,140.01,283.47,2.7
2021-09-28,138.66,165.8,134.81,273.2,2.6
2021-09-29,139.56,165.06,133.35,273.67,2.67
2021-09-30,138.26,164.25,132.67,271.66,2.65
2021-10-01,139.39,164.16,135.52,278.58,2.64
2021-10-04,135.96,159.49,132.66,272.81,2.64
2021-10-05,137.88,161.05,135.0,278.25,2.75
2021-10-06,138.75,163.1,136.53,282.45,2.74
2021-10-07,140.01,165.12,138.18,284.12,2.81
2021-10-08,139.63,164.43,138.74,284.12,2.83
2021-10-11,139.54,162.32,137.87,283.52,2.83
2021-10-12,138.27,162.37,135.43,282.22,2.86
2021-10-13,137.68,164.21,136.55,285.53,2.77
2021-10-14,140.47,164.99,140.09,291.73,2.77
2021-10-15,141.52,170.45,140.31,293.14,2.83
2021-10-18,143.2,172.34,141.71,296.11,2.81
2021-10-19,145.36,172.21,142.16,297.02,2.84
2021-10-20,145.84,170.75,140.71,296.23,2.84
2021-10-21,146.06,171.75,140.82,299.45,2.8
2021-10-22,145.29,166.78,136.53,297.91,2.77
2021-10-25,145.24,166.02,136.42,296.92,2.8
2021-10-26,145.9,168.8,138.26,298.83,2.83
2021-10-27,145.44,169.62,145.12,311.41,2.75
2021-10-28,149.08,172.33,144.76,312.55,2.77
2021-10-29,146.37,168.62,146.94,319.55,2.81
2021-11-01,145.55,165.91,142.42,317.39,2.87
2021-11-02,146.59,165.64,144.34,321.01,2.82
2021-11-03,148.02,169.2,145.5,321.85,2.84
2021-11-04,147.5,173.85,147.16,324.2,2.78
2021-11-05,148.03,175.95,147.74,323.83,2.82
2021-11-08,147.21,174.45,147.91,324.73,2.78
2021-11-09,147.57,178.81,147.8,323.73,2.74
2021-11-10,144.75,174.1,144.8,318.76,2.75
2021-11-11,144.7,173.62,144.67,320.34,2.76
2021-11-12,146.77,176.26,147.56,324.47,2.73
2021-11-15,146.78,177.28,147.34,323.84,2.75
2021-11-16,147.76,177.04,146.77,327.16,2.75
2021-11-17,150.2,177.45,146.94,327.38,2.74
2021-11-18,154.48,184.8,148.71,329.46,2.69
2021-11-19,157.1,183.83,147.81,331.23,2.62
2021-11-22,157.56,178.63,145.2,328.06,2.66
2021-11-23,157.95,179.0,144.69,325.99,2.63
2021-11-24,158.46,179.02,145.02,326.21,2.6
2021-11-25,158.46,179.02,145.02,326.21,2.62
2021-11-26,153.44,175.23,141.12,318.27,2.39
2021-11-29,156.8,178.08,144.44,324.98,2.39
2021-11-30,161.75,175.35,140.83,319.14,2.36
2021-12-01,161.23,172.19,139.99,318.65,2.42
2021-12-02,160.25,171.87,141.89,318.08,2.39
2021-12-03,158.37,169.49,140.94,311.83,2.37
2021-12-06,161.77,171.37,142.08,314.9,2.41
2021-12-07,167.51,176.16,146.17,323.32,2.42
2021-12-08,171.32,176.16,147.08,323.37,2.36
2021-12-09,170.81,174.17,146.53,321.57,2.33
2021-12-10,175.6,172.21,146.89,330.68,2.32
2021-12-13,171.97,169.57,144.73,327.65,2.28
2021-12-14,170.59,169.09,142.83,316.97,2.3
2021-12-15,175.45,173.32,145.34,323.06,2.28
2021-12-16,168.56,168.87,143.36,313.65,2.37
2021-12-17,167.47,170.02,140.66,312.59,2.38
2021-12-20,166.11,167.08,140.55,308.83,2.36
2021-12-21,169.28,170.42,142.4,315.96,2.41
2021-12-22,171.87,171.04,145.32,321.66,2.41
2021-12-23,172.5,171.07,145.81,323.1,2.49
2021-12-27,176.46,169.67,146.8,330.59,2.51
2021-12-28,175.44,170.66,145.59,329.44,2.51
2021-12-29,175.53,169.2,145.56,330.11,2.51
2021-12-30,174.38,168.64,145.1,327.57,2.52
2021-12-31,173.76,166.72,143.77,324.68,2.52
2022-01-03,178.1,170.4,143.9,323.16,2.53
2022-01-04,175.84,167.52,143.32,317.62,2.6
2022-01-05,171.17,164.36,136.74,305.43,2.6
2022-01-06,168.31,163.25,136.71,303.01,2.65
2022-01-07,168.47,162.55,135.99,303.17,2.67
2022-01-10,168.49,161.49,137.63,303.39,2.67
2022-01-11,171.32,165.36,138.69,304.08,2.67
2022-01-12,171.76,165.21,140.37,307.25,2.67
2022-01-13,168.49,161.21,137.55,294.25,2.68
2022-01-14,169.36,162.14,138.43,299.46,2.71
2022-01-17,169.36,162.14,138.43,299.46,2.71
2022-01-18,166.16,158.92,134.98,292.17,2.69
2022-01-19,162.66,156.3,134.1,292.83,2.69
2022-01-20,160.98,151.67,132.31,291.16,2.68
2022-01-21,158.92,142.64,129.37,285.78,2.64
2022-01-24,158.15,144.54,129.82,286.11,2.52
2022-01-25,156.35,139.99,125.98,278.5,2.59
2022-01-26,156.26,138.87,128.26,286.44,2.69
2022-01-27,155.8,139.64,128.04,289.46,2.74
2022-01-28,166.67,143.98,132.35,297.59,2.7
2022-01-31,171.03,149.57,134.29,300.21,2.65
2022-02-01,170.86,151.19,136.61,298.07,2.71
2022-02-02,172.07,150.61,146.89,302.61,2.72
2022-02-03,169.19,138.85,142.02,290.82,2.83
2022-02-04,168.91,157.64,142.22,295.35,2.79
2022-02-07,168.19,157.94,138.16,290.53,2.82
2022-02-08,171.3,161.41,138.35,294.02,2.89
2022-02-09,172.72,161.19,140.53,300.44,2.94
2022-02-10,168.64,159.0,137.58,291.91,2.98
2022-02-11,165.23,153.29,133.28,284.83,2.98
2022-02-14,165.47,155.17,134.51,284.79,2.87
2022-02-15,169.3,156.51,135.58,290.07,2.93
2022-02-16,169.06,158.1,136.71,289.73,2.9
2022-02-17,165.47,154.65,131.55,281.25,2.86
2022-02-18,163.92,152.6,129.43,278.54,2.85
2022-02-21,163.92,152.6,129.43,278.54,2.82
2022-02-22,161.0,150.2,128.84,278.33,2.81
2022-02-23,156.83,144.83,126.63,271.13,2.78
2022-02-24,159.45,151.36,131.7,284.98,2.56
2022-02-25,161.52,153.79,133.45,287.61,2.67
2022-02-28,161.78,153.56,134.04,289.04,2.56
2022-03-01,159.9,151.14,133.06,285.33,2.43
2022-03-02,163.19,152.05,133.56,290.4,2.51
2022-03-03,162.87,147.9,132.9,286.27,2.46
2022-03-04,159.87,145.64,130.92,280.4,2.33
2022-03-07,156.08,137.45,125.43,269.81,2.26
2022-03-08,154.26,136.01,126.15,266.85,2.31
2022-03-09,159.66,139.28,132.42,279.09,2.48
2022-03-10,155.32,146.82,131.44,276.27,2.45
2022-03-11,151.6,145.52,128.9,270.93,2.46
2022-03-14,147.58,141.85,125.01,267.42,2.53
2022-03-15,151.95,147.37,128.23,277.78,2.56
2022-03-16,156.36,153.1,132.28,284.79,2.71
2022-03-17,157.37,157.24,132.84,285.59,2.69
2022-03-18,160.67,161.25,135.1,290.63,2.67
2022-03-21,162.04,161.49,135.08,289.4,2.68
2022-03-22,165.41,164.89,138.82,294.14,2.73
2022-03-23,166.77,163.41,137.24,289.72,2.68
2022-03-24,170.55,163.65,140.51,294.18,2.63
2022-03-25,171.19,164.77,140.61,293.77,2.62
2022-03-28,172.05,168.99,140.39,300.56,2.64
2022-03-29,175.34,169.32,141.44,305.12,2.78
2022-03-30,174.18,166.3,140.87,303.62,2.69
2022-03-31,171.08,163.0,138.02,298.25,2.66
2022-04-01,170.79,163.56,139.1,299.33,2.73
2022-04-04,174.83,168.35,141.9,304.69,2.73
2022-04-05,171.52,164.05,139.54,300.74,2.69
2022-04-06,168.36,158.76,135.52,289.73,2.6
2022-04-07,168.66,157.78,134.87,291.54,2.61
2022-04-08,166.65,154.46,132.29,287.28,2.67
2022-04-11,162.4,151.12,127.86,275.95,2.71
2022-04-12,164.27,150.79,126.76,272.86,2.69
2022-04-13,166.96,155.54,128.92,278.24,2.68
2022-04-14,161.95,151.71,125.78,270.7,2.7
2022-04-18,161.73,152.79,126.72,271.37,2.7
2022-04-19,164.02,158.12,129.03,275.99,2.71
2022-04-20,163.85,154.0,127.08,277.02,2.75
2022-04-21,163.06,148.3,123.88,271.65,2.77
2022-04-22,158.52,144.35,118.74,265.09,2.71
2022-04-25,159.59,146.07,122.15,271.56,2.62
2022-04-26,153.63,139.39,117.76,261.4,2.44
2022-04-27,153.4,138.17,113.44,273.98,2.41
2022-04-28,160.33,144.6,117.63,280.18,2.4
2022-04-29,154.46,124.28,113.25,268.47,2.46
2022-05-02,154.77,124.5,115.71,275.19,2.39
2022-05-03,156.26,124.25,116.45,272.59,2.46
2022-05-04,162.66,125.93,121.34,280.52,2.42
2022-05-05,153.6,116.41,115.63,268.3,2.35
2022-05-06,154.33,114.77,114.88,265.77,2.31
2022-05-09,149.2,108.79,111.67,255.95,2.27
2022-05-10,151.61,108.86,113.54,260.71,2.3
2022-05-11,143.75,105.37,112.75,252.05,2.35
2022-05-12,139.88,106.93,112.0,247.02,2.32
2022-05-13,144.35,113.06,115.18,252.6,2.38
2022-05-16,142.81,110.81,113.59,252.97,2.36
2022-05-17,146.44,115.37,115.6,258.12,2.43
2022-05-18,138.18,107.11,111.06,246.36,2.39
2022-05-19,134.77,107.32,109.56,245.45,2.39
2022-05-20,135.01,107.59,108.09,244.89,2.4
2022-05-23,140.42,107.56,110.65,252.73,2.49
2022-05-24,137.72,104.1,105.18,251.73,2.53
2022-05-25,137.88,106.78,105.01,254.55,2.58
2022-05-26,141.08,111.08,106.98,257.82,2.64
2022-05-27,146.83,115.15,111.47,264.94,2.65
2022-05-30,146.83,115.15,111.47,264.94,2.69
2022-05-31,146.05,120.21,112.91,263.61,2.63
2022-06-01,145.92,121.68,113.04,264.15,2.61
2022-06-02,148.37,125.51,116.74,266.24,2.6
2022-06-03,142.65,122.35,113.68,261.82,2.59
2022-06-06,143.4,124.79,115.94,260.59,2.65
2022-06-07,145.92,123.0,116.27,264.22,2.62
2022-06-08,145.18,121.18,116.32,262.2,2.61
2022-06-09,139.96,116.15,113.97,256.75,2.54
2022-06-10,134.56,109.65,110.33,245.31,2.36
2022-06-13,129.4,103.67,105.59,234.9,2.28
2022-06-14,130.27,102.31,105.92,237.06,2.29
2022-06-15,132.89,107.67,108.94,244.11,2.35
2022-06-16,127.62,103.66,105.24,237.53,2.3
2022-06-17,129.09,106.22,106.34,240.13,2.35
2022-06-20,129.09,106.22,106.34,240.13,2.44
2022-06-21,133.32,108.68,110.71,246.03,2.44
2022-06-22,132.81,108.95,110.65,245.44,2.45
2022-06-23,135.67,112.44,111.4,251.0,2.37
2022-06-24,139.0,116.46,117.09,259.57,2.41
2022-06-27,139.0,113.22,114.96,256.85,2.42
2022-06-28,134.86,107.4,111.17,248.69,2.43
2022-06-29,136.62,108.92,110.86,252.36,2.39
2022-06-30,134.15,106.21,108.15,249.03,2.35
2022-07-01,136.32,109.56,107.92,251.7,2.34
2022-07-04,136.32,109.56,107.92,251.7,2.34
2022-07-05,138.9,113.5,112.41,254.87,2.24
2022-07-06,140.24,114.33,113.71,258.12,2.21
2022-07-07,143.6,116.33,117.89,260.25,2.28
2022-07-08,144.28,115.54,118.46,259.53,2.28
2022-07-11,142.15,111.75,114.81,256.48,2.24
2022-07-12,143.12,109.22,113.17,245.97,2.15
2022-07-13,142.76,110.4,110.52,245.04,2.14
2022-07-14,145.68,110.63,109.54,246.36,2.04
2022-07-15,147.35,113.55,110.94,248.92,2.1
2022-07-18,144.31,113.76,108.21,246.53,2.11
2022-07-19,148.16,118.21,112.96,251.65,2.19
2022-07-20,150.17,122.77,113.05,254.3,2.15
2022-07-21,152.43,124.63,113.48,256.8,2.14
2022-07-22,151.2,122.42,107.09,252.45,2.12
2022-07-25,150.08,121.14,106.7,250.97,2.14
2022-07-26,148.75,114.81,104.23,244.25,2.13
2022-07-27,153.85,120.97,112.21,260.58,2.17
2022-07-28,154.4,122.28,113.36,268.02,2.12
2022-07-29,159.46,134.95,115.45,272.21,2.13
2022-08-01,158.48,135.39,114.0,269.57,2.09
2022-08-02,157.01,134.16,114.27,266.47,2.08
2022-08-03,163.01,139.52,117.19,273.89,2.13
2022-08-04,162.7,142.57,117.3,275.04,2.15
2022-08-05,162.47,140.8,116.59,274.32,2.18
2022-08-08,162.0,139.41,116.42,271.81,2.23
2022-08-09,162.05,137.83,115.76,273.73,2.23
2022-08-10,166.29,142.69,118.8,280.38,2.28
2022-08-11,165.56,140.64,117.95,278.3,2.3
2022-08-12,169.1,143.55,120.77,283.04,2.33
2022-08-15,170.17,143.18,121.16,284.56,2.3
2022-08-16,170.02,144.78,120.79,283.82,2.32
2022-08-17,171.51,142.1,118.65,283.07,2.29
2022-08-18,171.12,142.3,119.27,281.95,2.29
2022-08-19,168.53,138.23,116.33,278.05,2.21
2022-08-22,164.65,133.22,113.38,269.89,2.18
2022-08-23,164.32,133.62,113.01,268.61,2.18
2022-08-24,164.61,133.8,112.84,267.98,2.16
2022-08-25,167.07,137.28,115.78,270.95,2.14
2022-08-26,160.77,130.75,109.51,260.5,2.1
2022-08-29,158.57,129.79,108.6,257.72,2.1
2022-08-30,156.14,128.73,108.12,255.52,2.14
2022-08-31,154.48,126.77,107.41,254.07,2.11
2022-09-01,155.21,127.82,108.92,253.03,2.08
2022-09-02,153.1,127.51,107.04,248.81,2.12
2022-09-05,153.1,127.51,107.04,248.81,2.09
2022-09-06,151.84,126.11,106.01,246.08,2.1
2022-09-07,153.24,129.48,108.63,250.78,2.08
2022-09-08,151.77,129.82,107.57,251.2,2.14
2022-09-09,154.63,133.27,109.82,256.97,2.21
2022-09-12,160.58,136.45,110.03,259.1,2.3
2022-09-13,151.16,126.82,103.54,244.86,2.25
2022-09-14,152.61,128.55,104.21,245.08,2.26
2022-09-15,149.72,126.28,102.14,238.43,2.34
2022-09-16,148.08,123.53,102.03,237.81,2.31
2022-09-19,151.79,124.66,102.3,237.6,2.31
2022-09-20,154.17,122.19,100.38,235.59,2.3
2022-09-21,151.04,118.54,98.54,232.18,2.25
2022-09-22,150.08,117.31,99.39,234.16,2.27
2022-09-23,147.81,113.78,98.0,231.18,2.2
2022-09-26,148.14,115.15,97.43,230.73,2.18
2022-09-27,149.12,114.41,96.77,229.72,2.12
2022-09-28,147.23,118.01,99.3,234.24,2.13
2022-09-29,140.0,114.8,96.69,230.78,2.08
2022-09-30,135.79,113.0,94.93,226.31,2.09
2022-10-03,139.97,115.88,97.9,233.92,2.15
2022-10-04,143.56,121.09,100.88,241.83,2.3
2022-10-05,143.85,120.95,100.67,242.14,2.25
2022-10-06,142.9,120.3,100.66,239.8,2.23
2022-10-07,137.65,114.56,97.94,227.61,2.21
2022-10-10,137.97,113.67,97.13,222.76,2.18
2022-10-11,136.56,112.21,96.45,219.03,2.15
2022-10-12,135.93,112.9,96.83,219.36,2.11
2022-10-13,140.5,112.53,98.32,227.61,2.18
2022-10-14,135.97,106.9,95.84,222.09,2.21
2022-10-17,139.93,113.79,99.22,230.8,2.24
2022-10-18,141.25,116.36,100.01,231.75,2.29
2022-10-19,141.35,115.07,98.88,229.78,2.3
2022-10-20,140.89,115.25,99.22,229.46,2.33
2022-10-21,144.71,119.32,100.37,235.26,2.32
2022-10-24,146.85,119.82,101.75,240.25,2.38
2022-10-25,149.69,120.6,103.7,243.56,2.39
2022-10-26,146.75,115.66,94.22,224.77,2.31
2022-10-27,142.28,110.96,91.53,220.33,2.29
2022-10-28,153.03,103.41,95.57,229.19,2.32
2022-10-31,150.67,102.44,93.8,225.56,2.34
2022-11-01,148.03,96.79,89.79,221.71,2.36
2022-11-02,142.5,92.12,86.32,213.87,2.34
2022-11-03,136.46,89.3,82.8,208.18,2.31
2022-11-04,136.2,90.98,85.93,215.12,2.38
2022-11-07,136.73,90.53,87.83,221.42,2.38
2022-11-08,137.3,89.98,88.23,222.39,2.36
2022-11-09,132.74,86.14,86.67,218.15,2.33
2022-11-10,144.55,96.63,93.24,236.1,2.28
2022-11-11,147.34,100.79,95.69,240.11,2.26
2022-11-14,145.94,98.49,94.98,234.71,2.3
2022-11-15,147.67,98.94,97.7,235.12,2.33
2022-11-16,146.44,97.12,98.11,235.55,2.3
2022-11-17,148.34,94.85,97.62,235.5,2.26
2022-11-18,148.9,94.14,96.7,235.05,2.33
2022-11-21,145.67,92.46,94.88,235.86,2.4
2022-11-22,147.81,93.2,96.32,238.76,2.48
2022-11-23,148.69,94.13,97.72,241.25,2.48
2022-11-24,148.69,94.13,97.72,241.25,2.49
2022-11-25,145.77,93.41,96.73,241.16,2.53
2022-11-28,141.94,93.95,95.33,235.58,2.5
2022-11-29,138.94,92.42,94.48,234.18,2.53
2022-11-30,145.69,96.54,100.23,248.61,2.55
2022-12-01,145.97,95.5,100.23,248.18,2.51
2022-12-02,145.48,94.13,99.69,248.5,2.51
2022-12-05,144.32,91.01,98.73,243.8,2.51
2022-12-06,140.65,88.25,96.25,238.85,2.51
2022-12-07,138.72,88.46,94.23,238.12,2.5
2022-12-08,140.4,90.35,93.01,241.07,2.48
2022-12-09,139.92,89.09,92.13,239.14,2.49
2022-12-12,142.21,90.55,92.61,246.05,2.48
2022-12-13,143.17,92.49,94.91,250.35,2.5
2022-12-14,140.95,91.58,94.36,250.64,2.47
2022-12-15,134.35,88.45,90.18,242.64,2.41
2022-12-16,132.39,87.86,89.58,238.43,2.43
2022-12-19,130.28,84.92,87.78,234.3,2.43
2022-12-20,130.21,85.19,88.35,235.62,2.51
2022-12-21,133.31,86.77,88.91,238.18,2.54
2022-12-22,130.14,83.79,87.1,232.1,2.51
2022-12-23,129.78,85.25,88.56,232.62,2.5
2022-12-27,127.98,83.04,86.73,230.9,2.51
2022-12-28,124.05,81.82,85.37,228.53,2.5
2022-12-29,127.56,84.18,87.79,234.85,2.52
2022-12-30,127.88,84.0,87.57,233.69,2.5
2023-01-02,127.88,84.0,87.57,233.69,2.54
2023-01-03,123.1,85.82,88.45,233.45,2.55
2023-01-04,124.37,85.14,87.42,223.24,2.65
2023-01-05,123.05,83.12,85.55,216.62,2.66
2023-01-06,127.57,86.08,86.69,219.18,2.72
2023-01-09,128.1,87.36,87.36,221.31,2.7
2023-01-10,128.67,89.87,87.76,223.0,2.71
2023-01-11,131.38,95.09,90.83,229.74,2.69
2023-01-12,131.3,95.27,90.45,232.41,2.75
2023-01-13,132.63,98.12,91.43,233.11,2.8
2023-01-16,132.63,98.12,91.43,233.11,2.77
2023-01-17,133.79,96.05,90.61,234.2,2.77
2023-01-18,133.08,95.46,90.44,229.78,2.8
2023-01-19,133.14,93.68,92.35,226.0,2.72
2023-01-20,135.69,97.25,97.28,234.08,2.77
2023-01-23,138.88,97.52,99.04,236.38,2.76
2023-01-24,140.28,96.32,96.97,235.85,2.77
2023-01-25,139.62,97.18,94.51,234.46,2.76
2023-01-26,141.69,99.22,96.79,241.66,2.85
2023-01-27,143.63,102.24,98.62,241.81,2.83
2023-01-30,140.74,100.55,96.21,236.5,2.85
2023-01-31,142.01,103.13,98.1,241.47,2.86
2023-02-01,143.13,105.15,99.68,246.29,2.9
2023-02-02,148.44,112.91,106.93,257.83,3.07
2023-02-03,152.06,103.39,103.99,251.74,3.12
2023-02-06,149.34,102.18,102.13,250.2,3.08
2023-02-07,152.21,102.11,106.83,260.72,3.14
2023-02-08,149.52,100.05,98.62,259.91,3.15
2023-02-09,148.49,98.24,94.3,256.88,3.13
2023-02-10,148.85,97.61,93.86,256.37,3.08
2023-02-13,151.65,99.54,93.9,264.38,3.11
2023-02-14,151.01,99.7,93.97,265.21,3.13
2023-02-15,153.11,101.16,96.21,263.09,3.1
2023-02-16,151.51,98.15,94.79,256.09,3.17
2023-02-17,150.37,97.2,93.64,252.09,3.15
2023-02-20,150.37,97.2,93.64,252.09,3.13
2023-02-21,146.36,94.58,91.1,246.82,3.15
2023-02-22,146.78,95.79,90.96,245.69,3.1
2023-02-23,147.27,95.82,90.21,248.88,3.14
2023-02-24,144.61,93.5,88.46,243.45,3.11
2023-02-27,145.81,93.76,89.2,244.37,3.17
2023-02-28,145.3,94.23,89.38,243.65,3.32
2023-03-01,143.23,92.17,89.68,240.57,3.29
2023-03-02,143.83,92.13,91.31,245.3,3.29
2023-03-03,148.87,94.9,92.95,249.38,3.39
2023-03-06,151.63,93.75,94.42,250.93,3.44
2023-03-07,149.44,93.55,93.16,248.27,3.36
2023-03-08,150.69,93.92,93.54,247.83,3.41
2023-03-09,148.44,92.25,91.63,246.48,3.36
2023-03-10,146.38,90.73,89.95,242.84,3.22
2023-03-13,148.32,92.43,90.43,248.05,2.99
2023-03-14,150.41,94.88,93.27,254.76,3.08
2023-03-15,150.81,96.2,95.39,259.3,2.86
2023-03-16,153.62,100.04,99.57,269.81,2.94
2023-03-17,152.79,98.95,100.86,272.97,2.8
2023-03-20,155.15,97.71,100.46,265.93,2.88
2023-03-21,157.01,100.61,104.13,267.45,3.01
2023-03-22,155.58,98.7,102.59,265.99,3.02
2023-03-23,156.66,98.71,104.81,271.24,2.96
2023-03-24,157.96,98.13,104.65,274.08,2.87
2023-03-27,156.02,98.04,101.69,269.99,2.94
2023-03-28,155.4,97.24,100.27,268.86,2.97
2023-03-29,158.47,100.25,100.63,274.02,3.02
2023-03-30,160.04,102.0,100.13,277.48,3.08
2023-03-31,162.55,103.29,102.95,281.63,3.06
2023-04-03,163.8,102.41,103.58,280.59,3.07
2023-04-04,163.26,103.95,103.93,280.54,3.08
2023-04-05,161.42,101.1,103.69,277.76,3.05
2023-04-06,162.31,102.06,107.61,284.85,3.15
2023-04-10,159.72,102.17,105.64,282.7,3.15
2023-04-11,158.5,99.92,104.56,276.29,3.06
2023-04-12,157.81,97.83,103.86,276.93,3.11
2023-04-13,163.2,102.4,106.62,283.13,3.11
2023-04-14,162.85,102.51,108.05,279.52,3.22
2023-04-17,162.87,102.74,105.18,282.12,3.16
2023-04-18,164.09,102.3,103.72,281.7,3.21
2023-04-19,165.24,104.3,103.4,281.78,3.25
2023-04-20,164.27,103.81,104.5,279.49,3.2
2023-04-21,162.66,106.96,104.62,279.15,3.16
2023-04-24,162.97,106.21,105.18,275.25,3.16
2023-04-25,161.43,102.57,103.07,269.05,2.97
2023-04-26,161.42,104.98,102.93,288.54,2.94
2023-04-27,166.01,109.82,106.78,297.78,2.99
2023-04-28,167.26,105.45,106.54,300.15,2.9
2023-05-01,167.17,102.05,106.4,298.49,2.9
2023-05-02,166.13,103.63,104.53,298.34,2.82
2023-05-03,165.06,103.65,104.62,297.36,2.84
2023-05-04,163.42,104.0,103.9,298.34,2.78
2023-05-05,171.09,105.66,104.78,303.46,2.86
2023-05-08,171.02,105.83,106.96,301.51,2.9
2023-05-09,169.32,106.62,106.54,299.9,2.9
2023-05-10,171.08,110.19,110.91,305.09,2.86
2023-05-11,171.27,112.18,115.7,302.94,2.85
2023-05-12,170.34,110.26,116.63,301.82,2.86
2023-05-15,169.85,111.2,115.64,302.3,2.86
2023-05-16,169.85,113.4,118.61,304.53,2.85
2023-05-17,170.46,115.5,119.93,307.41,2.87
2023-05-18,172.79,118.15,121.91,311.83,2.89
2023-05-19,172.9,116.25,121.84,311.66,2.91
2023-05-22,171.95,115.01,124.11,314.44,2.94
2023-05-23,169.34,114.99,121.64,308.64,2.93
2023-05-24,169.62,116.75,119.99,307.26,2.86
2023-05-25,170.76,115.0,122.55,319.08,2.87
2023-05-26,173.16,120.11,123.68,325.9,2.91
2023-05-29,173.16,120.11,123.68,325.9,2.86
2023-05-30,175.01,121.66,122.74,324.26,2.83
2023-05-31,174.96,120.58,121.95,321.49,2.77
2023-06-01,177.76,122.77,122.79,325.6,2.83
2023-06-02,178.61,124.25,123.74,328.36,2.92
2023-06-05,177.26,125.3,125.07,328.89,2.89
2023-06-06,176.9,126.61,126.36,326.67,2.92
2023-06-07,175.52,121.23,121.58,316.59,2.92
2023-06-08,178.24,124.25,121.22,318.43,2.93
2023-06-09,178.62,123.43,121.31,319.93,2.91
2023-06-12,181.42,126.57,122.71,324.88,2.9
2023-06-13,180.94,126.66,122.9,327.27,2.9
2023-06-14,181.57,126.42,122.74,330.26,2.96
2023-06-15,183.61,127.11,124.15,340.79,2.9
2023-06-16,182.53,125.49,122.6,335.14,2.93
2023-06-19,182.53,125.49,122.6,335.14,2.92
2023-06-20,182.62,125.78,122.18,330.95,2.9
2023-06-21,181.58,124.83,119.65,326.56,2.91
2023-06-22,184.58,130.15,122.23,332.58,2.87
2023-06-23,184.27,129.33,121.42,327.99,2.79
2023-06-26,182.88,127.33,117.45,321.7,2.8
2023-06-27,185.63,129.18,117.44,327.54,2.91
2023-06-28,186.81,129.04,119.28,328.8,3.01
2023-06-29,187.14,127.9,118.21,328.01,3.04
2023-06-30,191.46,130.36,118.8,333.39,3.08
2023-07-03,189.97,130.22,119.0,330.89,3.13
2023-07-04,189.97,130.22,119.0,330.89,3.07
2023-07-05,188.86,130.38,120.84,331.05,3.04
2023-07-06,189.33,128.36,119.21,334.1,2.95
2023-07-07,188.22,129.78,118.58,330.14,2.97
2023-07-10,186.17,127.13,115.58,324.86,2.98
2023-07-11,185.65,128.78,116.26,325.49,3.03
2023-07-12,187.32,130.8,118.04,330.12,3.16
2023-07-13,188.08,134.3,123.61,335.46,3.17
2023-07-14,188.23,134.68,124.48,337.99,3.15
2023-07-17,191.48,133.56,123.72,338.47,3.14
2023-07-18,191.23,132.83,122.83,351.94,3.19
2023-07-19,192.58,135.36,121.11,347.62,3.18
2023-07-20,190.64,129.96,118.31,339.59,3.21
2023-07-21,189.46,130.0,119.12,336.55,3.21
2023-07-24,190.26,128.8,120.62,337.86,3.2
2023-07-25,191.12,129.13,121.29,343.61,3.22
2023-07-26,191.99,128.15,128.3,330.68,3.32
2023-07-27,190.72,128.25,128.43,323.78,3.37
2023-07-28,193.3,132.21,131.59,331.26,3.34
2023-07-31,193.91,133.68,131.72,328.87,3.35
2023-08-01,193.08,131.69,130.56,329.28,3.27
2023-08-02,190.09,128.21,127.42,320.62,3.21
2023-08-03,188.7,128.91,127.49,319.8,3.26
2023-08-04,179.64,139.57,127.15,320.9,3.28
2023-08-07,176.54,142.22,130.54,323.18,3.29
2023-08-08,177.48,139.94,130.41,319.2,3.2
2023-08-09,175.89,137.85,128.69,315.46,3.23
2023-08-10,175.67,138.56,128.72,316.15,3.32
2023-08-11,175.73,138.41,128.59,314.27,3.27
2023-08-14,177.38,140.57,130.35,317.24,3.27
2023-08-15,175.39,137.67,128.81,315.1,3.24
2023-08-16,174.52,135.07,127.73,314.34,3.23
2023-08-17,171.98,133.98,128.95,310.88,3.23
2023-08-18,172.47,133.22,126.5,310.49,3.23
2023-08-21,173.8,134.68,127.41,315.79,3.24
2023-08-22,175.18,134.25,128.11,316.36,3.25
2023-08-23,179.02,135.52,131.38,320.81,3.21
2023-08-24,174.34,131.84,128.81,313.91,3.22
2023-08-25,176.54,133.26,128.91,316.87,3.22
2023-08-28,178.1,133.14,130.03,317.57,3.25
2023-08-29,181.99,134.91,133.56,322.19,3.3
2023-08-30,185.48,135.07,134.86,322.57,3.3
2023-08-31,185.69,138.01,135.15,321.56,3.28
2023-09-01,187.27,138.12,134.64,322.44,3.2
2023-09-04,187.27,138.12,134.64,322.44,3.2
2023-09-05,187.5,137.27,134.75,327.24,3.19
2023-09-06,180.79,135.36,133.45,326.58,3.1
2023-09-07,175.5,137.85,134.25,323.67,3.07
2023-09-08,176.12,138.23,135.36,327.94,3.1
2023-09-11,177.28,143.1,135.89,331.54,3.12
2023-09-12,174.26,141.23,134.33,325.49,3.13
2023-09-13,172.19,144.85,135.68,329.7,3.14
2023-09-14,173.7,144.72,137.06,332.29,3.21
2023-09-15,172.98,140.39,136.37,323.97,3.17
2023-09-18,175.91,139.98,137.17,322.83,3.13
2023-09-19,177.0,137.63,137.0,322.43,3.15
2023-09-20,173.46,135.29,132.74,314.7,3.2
2023-09-21,171.92,129.33,129.46,313.48,3.19
2023-09-22,172.77,129.12,129.27,311.01,3.17
2023-09-25,174.04,131.27,130.13,311.53,3.14
2023-09-26,169.97,125.98,127.61,306.23,3.12
2023-09-27,168.46,125.98,129.56,306.87,3.18
2023-09-28,168.71,125.98,131.32,307.7,3.32
2023-09-29,169.23,127.12,129.88,309.77,3.29
2023-10-02,171.74,129.46,133.16,315.71,3.25
2023-10-03,170.4,124.72,131.44,307.46,3.23
2023-10-04,171.65,127.0,134.23,312.92,3.2
2023-10-05,172.88,125.96,134.06,313.32,3.23
2023-10-06,175.43,127.96,136.55,321.07,3.28
2023-10-09,176.92,128.26,137.38,323.58,3.19
2023-10-10,176.32,129.48,137.02,322.17,3.28
2023-10-11,177.72,131.83,139.5,326.13,3.28
2023-10-12,178.62,132.33,137.93,324.89,3.26
2023-10-13,176.78,129.79,136.33,321.53,3.19
2023-10-16,176.65,132.55,138.06,326.34,3.25
2023-10-17,175.1,131.47,138.67,325.78,3.25
2023-10-18,173.8,128.13,136.93,323.86,3.19
2023-10-19,173.43,128.4,136.72,325.05,3.19
2023-10-20,170.88,125.17,134.58,320.49,3.14
2023-10-23,171.0,126.56,135.48,323.09,3.11
2023-10-24,171.43,128.56,137.77,324.27,3.07
2023-10-25,169.12,121.39,124.67,334.22,3.15
2023-10-26,164.96,119.57,121.36,321.68,3.19
2023-10-27,166.27,127.74,121.25,323.57,3.17
2023-10-30,168.32,132.71,123.53,330.93,3.25
2023-10-31,168.79,133.09,123.15,331.71,3.22
2023-11-01,171.95,137.0,125.5,339.52,3.26
2023-11-02,175.51,138.07,126.53,341.73,3.34
2023-11-03,174.6,138.6,128.13,346.12,3.33
2023-11-06,177.15,139.74,129.27,349.78,3.29
2023-11-07,179.71,142.71,129.99,353.71,3.28
2023-11-08,180.77,142.08,130.85,356.33,3.3
2023-11-09,180.3,140.6,129.26,353.86,3.35
2023-11-10,184.48,143.56,131.6,362.67,3.36
2023-11-13,182.9,142.59,131.1,359.74,3.4
2023-11-14,185.51,145.8,132.62,363.26,3.43
2023-11-15,186.08,143.2,133.61,363.41,3.41
2023-11-16,187.76,142.83,135.9,369.8,3.43
2023-11-17,187.74,145.18,134.3,363.59,3.46
2023-11-20,189.48,146.13,135.23,371.05,3.47
2023-11-21,188.68,143.9,135.94,366.75,3.47
2023-11-22,189.34,146.71,137.45,371.45,3.49
2023-11-23,189.34,146.71,137.45,371.45,3.5
2023-11-24,188.02,146.74,135.66,371.04,3.51
2023-11-27,187.84,147.73,135.39,372.2,3.46
2023-11-28,188.44,147.03,136.17,376.22,3.52
2023-11-29,187.42,146.32,133.98,372.43,3.53
2023-11-30,188.0,146.09,131.54,372.49,3.54
2023-12-01,189.27,147.03,130.87,368.17,3.57
2023-12-04,187.48,144.84,128.3,362.89,3.58
2023-12-05,191.43,146.88,130.01,366.21,3.65
2023-12-06,190.34,144.52,129.04,362.55,3.68
2023-12-07,192.27,146.88,135.9,364.67,3.6
2023-12-08,193.7,147.42,133.98,367.89,3.67
2023-12-11,191.19,145.89,132.29,365.01,3.67
2023-12-12,192.71,147.48,131.53,368.04,3.61
2023-12-13,195.92,148.84,131.58,368.03,3.57
2023-12-14,196.07,147.42,130.95,359.73,3.61
2023-12-15,195.54,149.97,131.61,364.45,3.54
2023-12-18,193.88,154.07,134.78,366.34,3.52
2023-12-19,194.92,153.79,135.63,366.94,3.53
2023-12-20,192.83,152.12,137.3,364.34,3.53
2023-12-21,192.68,153.84,139.37,367.21,3.53
2023-12-22,191.61,153.42,140.43,368.24,3.54
2023-12-26,191.07,153.41,140.46,368.32,3.54
2023-12-27,191.16,153.34,139.32,367.74,3.54
2023-12-28,191.59,153.38,139.18,368.92,3.52
2023-12-29,190.55,151.94,138.64,369.67,3.52
2024-01-02,183.73,149.93,137.13,364.59,3.59
2024-01-03,182.36,148.47,137.88,364.32,3.54
2024-01-04,180.04,144.57,135.37,361.71,3.61
2024-01-05,179.32,145.24,134.71,361.52,3.64
2024-01-08,183.65,149.1,137.8,368.34,3.66
2024-01-09,183.24,151.37,139.89,369.43,3.62
2024-01-10,184.28,153.73,141.21,376.29,3.58
2024-01-11,183.68,155.18,141.01,378.12,3.53
2024-01-12,184.01,154.62,141.58,381.89,3.54
2024-01-15,184.01,154.62,141.58,381.89,3.5
2024-01-16,181.74,153.16,141.42,383.66,3.46
2024-01-17,180.8,151.71,140.41,382.87,3.41
2024-01-18,186.69,153.5,142.4,387.2,3.46
2024-01-19,189.59,155.34,145.28,391.92,3.45
2024-01-22,191.9,154.78,144.9,389.8,3.47
2024-01-23,193.17,156.02,145.94,392.14,3.41
2024-01-24,192.5,156.87,147.58,395.74,3.47
2024-01-25,192.17,157.75,150.73,398.01,3.38
2024-01-26,190.44,159.12,151.05,397.09,3.39
2024-01-29,189.76,161.26,152.36,402.78,3.32
2024-01-30,186.11,159.0,150.32,401.67,3.4
2024-01-31,182.5,155.2,139.05,390.85,3.48
2024-02-01,184.94,159.28,140.1,396.94,3.48
2024-02-02,183.94,171.81,141.31,404.26,3.61
2024-02-05,185.75,170.31,142.6,398.78,3.43
2024-02-06,187.35,169.15,143.02,398.62,3.49
2024-02-07,187.46,170.53,144.45,407.04,3.42
2024-02-08,186.38,169.84,144.82,407.1,3.4
2024-02-09,187.15,174.45,147.88,413.43,3.42
2024-02-12,185.46,172.34,146.42,408.23,3.45
2024-02-13,183.37,168.64,144.05,399.44,3.41
2024-02-14,182.49,170.98,144.85,403.3,3.41
2024-02-15,182.2,169.8,141.7,400.41,3.41
2024-02-16,180.67,169.51,139.47,397.95,3.42
2024-02-19,180.67,169.51,139.47,397.95,3.48
2024-02-20,179.92,167.08,140.06,396.7,3.54
2024-02-21,180.68,168.59,141.48,396.1,3.55
2024-02-22,182.71,174.58,143.01,405.43,3.57
2024-02-23,180.87,174.99,142.88,404.14,3.57
2024-02-26,179.53,174.73,136.54,401.38,3.55
2024-02-27,180.98,173.54,137.84,401.32,3.56
2024-02-28,179.78,173.16,135.36,401.56,3.59
2024-02-29,179.12,176.76,137.42,407.39,3.58
2024-03-01,178.04,178.22,136.11,409.22,3.6
2024-03-04,173.52,177.58,132.35,408.65,3.59
2024-03-05,168.59,174.12,131.68,396.56,3.6
2024-03-06,167.59,173.51,130.41,396.01,3.64
2024-03-07,167.48,176.82,133.37,402.96,3.7
2024-03-08,169.19,175.35,134.39,400.08,3.71
2024-03-11,171.19,171.96,136.64,398.4,3.71
2024-03-12,171.67,175.39,137.46,409.0,3.78
2024-03-13,169.59,176.56,138.74,408.83,3.81
2024-03-14,171.44,178.75,142.03,418.79,3.77
2024-03-15,171.06,174.42,140.12,410.13,3.83
2024-03-18,172.15,174.48,146.57,411.01,3.85
2024-03-19,174.49,175.9,145.93,415.04,3.9
2024-03-20,177.06,178.15,147.62,418.8,3.9
2024-03-21,169.82,178.15,146.49,422.88,3.98
2024-03-22,170.73,178.87,149.64,422.26,4.06
2024-03-25,169.31,179.71,148.94,416.47,4.11
2024-03-26,168.18,178.3,149.54,415.28,4.15
2024-03-27,171.75,179.83,149.74,415.06,4.19
2024-03-28,169.93,180.38,149.8,414.36,4.21
2024-04-01,168.5,180.97,154.32,418.15,4.21
2024-04-02,167.32,180.69,153.4,415.07,4.2
2024-04-03,168.12,182.41,153.76,414.09,4.26
2024-04-04,167.3,180.0,149.4,411.56,4.35
2024-04-05,168.05,185.07,151.36,419.09,4.27
2024-04-08,166.93,185.19,153.69,418.17,4.32
2024-04-09,168.14,185.67,155.43,419.84,4.25
2024-04-10,166.27,185.95,154.97,416.86,4.26
2024-04-11,173.46,189.05,158.21,421.46,4.15
2024-04-12,174.96,186.13,156.55,415.52,4.14
2024-04-15,171.13,183.62,153.7,407.39,4.16
2024-04-16,167.85,183.32,153.24,408.31,4.05
2024-04-17,166.48,181.28,154.3,405.61,4.11
2024-04-18,165.53,179.22,154.84,398.16,4.23
2024-04-19,163.51,174.63,152.93,393.09,4.2
2024-04-22,164.34,177.23,155.11,394.9,4.34
2024-04-23,165.39,179.54,157.07,401.41,4.42
2024-04-24,167.5,176.59,157.94,402.88,4.45
2024-04-25,168.36,173.67,154.83,393.01,4.42
2024-04-26,167.77,179.62,170.66,400.18,4.51
2024-04-29,171.94,180.96,164.9,396.17,4.51
2024-04-30,168.79,175.0,161.56,383.44,4.34
2024-05-01,167.77,179.0,162.63,388.97,4.34
2024-05-02,171.47,184.72,165.37,391.83,4.33
2024-05-03,181.73,186.21,165.99,400.51,4.3
2024-05-06,180.07,188.7,166.84,407.29,4.34
2024-05-07,180.75,188.76,169.97,403.15,4.49
2024-05-08,181.09,188.0,168.11,404.33,4.53
2024-05-09,182.91,189.5,168.69,406.09,4.53
2024-05-10,181.65,187.48,167.39,408.47,4.49
2024-05-13,184.85,186.57,167.87,407.47,4.51
2024-05-14,185.99,187.07,169.06,410.26,4.51
2024-05-15,188.26,185.99,171.22,417.44,4.57
2024-05-16,188.38,183.63,172.87,415.37,4.56
2024-05-17,188.41,184.7,174.74,414.6,4.61
2024-05-20,189.57,183.54,175.59,419.67,4.63
2024-05-21,190.87,183.15,176.52,423.32,4.59
2024-05-22,189.43,183.13,175.06,424.78,4.56
2024-05-23,185.45,181.05,172.25,421.3,4.54
2024-05-24,188.52,180.75,173.68,424.42,4.51
2024-05-27,188.52,180.75,173.68,424.42,4.52
2024-05-28,188.53,182.15,175.08,424.58,4.52
2024-05-29,188.83,182.02,174.58,423.44,4.45
2024-05-30,189.82,179.32,170.82,409.14,4.54
2024-05-31,190.77,176.44,171.21,409.59,4.59
2024-06-03,192.54,178.34,171.87,408.0,4.6
2024-06-04,192.86,179.34,172.49,410.52,4.5
2024-06-05,194.37,181.28,174.09,418.35,4.44
2024-06-06,192.99,185.0,175.4,418.86,4.5
2024-06-07,195.38,184.3,173.15,418.2,4.49
2024-06-10,191.64,187.06,173.9,422.16,4.47
2024-06-11,205.56,187.23,175.5,426.91,4.37
2024-06-12,211.43,186.89,176.66,435.18,4.37
2024-06-13,212.6,183.83,174.05,435.69,4.18
2024-06-14,210.86,183.66,175.67,436.67,4.16
2024-06-17,215.01,184.06,176.11,442.39,4.18
2024-06-18,212.65,182.81,173.98,440.39,4.22
2024-06-19,212.65,182.81,173.98,440.39,4.22
2024-06-20,208.07,186.1,175.18,439.75,4.21
2024-06-21,205.9,189.08,178.49,443.78,4.11
2024-06-24,206.54,185.57,178.08,441.7,4.18
2024-06-25,207.47,186.34,182.86,444.93,4.16
2024-06-26,211.61,193.61,182.71,446.13,4.12
2024-06-27,212.46,197.85,184.23,446.81,4.12
2024-06-28,209.0,193.25,180.99,440.99,4.11
2024-07-01,215.09,197.2,181.83,450.64,4.22
2024-07-02,218.58,200.0,184.06,453.15,4.1
2024-07-03,219.85,197.59,184.64,454.62,4.19
2024-07-04,219.85,197.59,184.64,454.62,4.28
2024-07-05,224.6,200.0,189.39,461.32,4.22
2024-07-08,226.07,199.29,187.83,460.02,4.22
2024-07-09,226.92,199.34,187.78,453.41,4.16
2024-07-10,231.19,199.79,189.96,460.03,4.27
2024-07-11,225.82,195.05,184.39,448.63,4.23
2024-07-12,228.77,194.49,183.89,447.5,4.28
2024-07-15,232.6,192.72,185.34,447.9,4.22
2024-07-16,233.02,193.02,182.75,443.52,4.21
2024-07-17,227.12,187.93,179.87,437.6,4.25
2024-07-18,222.46,183.75,176.56,434.5,4.26
2024-07-19,222.59,183.13,176.53,431.28,4.21
2024-07-22,222.24,182.55,180.51,437.03,4.3
2024-07-23,223.28,186.41,180.63,438.92,4.33
2024-07-24,216.86,180.83,171.53,423.18,4.46
2024-07-25,215.82,179.85,166.22,412.82,4.32
2024-07-26,216.29,182.5,165.94,419.6,4.3
2024-07-29,216.57,183.2,168.45,421.04,4.24
2024-07-30,217.12,181.71,169.21,417.28,4.28
2024-07-31,220.38,186.98,170.45,412.77,4.23
2024-08-01,216.68,184.07,169.67,411.55,4.04
2024-08-02,218.17,167.9,165.6,403.04,3.84
2024-08-05,207.66,161.02,158.24,389.88,3.78
2024-08-06,205.64,161.93,157.28,394.28,3.76
2024-08-07,208.21,162.77,157.93,393.11,3.86
2024-08-08,211.67,165.8,161.0,397.32,3.86
2024-08-09,214.58,166.94,162.63,400.6,3.89
2024-08-12,216.11,166.8,161.26,401.38,3.88
2024-08-13,219.83,170.23,163.12,408.49,3.9
2024-08-14,220.27,170.1,159.35,411.3,3.89
2024-08-15,223.25,177.59,160.27,416.16,4.01
2024-08-16,224.57,177.06,161.92,413.63,4.01
2024-08-19,224.42,178.22,165.61,416.66,4.07
2024-08-20,225.03,178.88,166.12,419.89,4.02
2024-08-21,224.92,180.11,164.8,419.24,4.04
2024-08-22,223.06,176.13,162.76,410.75,4.06
2024-08-23,225.36,177.04,164.57,411.97,4.13
2024-08-26,225.7,175.5,165.1,408.71,4.11
2024-08-27,226.54,173.12,163.63,409.06,4.21
2024-08-28,225.01,170.8,161.81,405.85,4.24
2024-08-29,228.29,172.12,160.75,408.34,4.26
2024-08-30,227.51,178.5,162.34,412.32,4.27
2024-09-02,227.51,178.5,162.34,412.32,4.25
2024-09-03,221.32,176.25,156.36,404.71,4.15
2024-09-04,219.41,173.33,155.45,404.17,4.13
2024-09-05,220.93,177.89,156.24,403.67,4.16
2024-09-06,219.38,171.39,149.96,397.06,4.07
2024-09-09,219.47,175.4,147.96,401.03,4.12
2024-09-10,218.67,179.55,147.91,409.41,4.03
2024-09-11,221.21,184.52,150.4,418.15,4.03
2024-09-12,221.32,187.0,153.91,422.06,4.11
2024-09-13,221.05,186.49,156.67,425.61,4.18
2024-09-16,214.91,184.89,157.26,426.35,4.21
2024-09-17,215.38,186.88,158.52,430.12,4.28
2024-09-18,219.25,186.43,159.0,425.83,4.28
2024-09-19,227.38,189.87,161.32,433.62,4.37
2024-09-20,226.71,191.6,162.77,430.24,4.33
2024-09-23,224.99,193.88,161.03,428.5,4.26
2024-09-24,225.89,193.96,161.47,424.21,4.32
2024-09-25,224.89,192.53,160.68,427.11,4.29
2024-09-26,226.04,191.16,161.91,426.32,4.4
2024-09-27,226.3,187.97,163.12,423.07,4.42
2024-09-30,231.48,186.33,165.01,425.32,4.37
2024-10-01,224.73,185.13,166.15,415.83,4.15
2024-10-02,225.3,184.76,165.02,412.31,4.2
2024-10-03,224.2,181.96,165.02,411.72,4.2
2024-10-04,225.32,186.51,166.22,411.25,4.25
2024-10-07,220.24,180.8,162.16,404.8,4.33
2024-10-08,224.3,182.72,163.55,409.92,4.33
2024-10-09,228.04,185.17,161.04,412.63,4.3
2024-10-10,227.55,186.65,161.26,411.03,4.3
2024-10-11,226.07,188.82,162.42,411.51,4.34
2024-10-14,229.79,187.54,164.13,414.29,4.37
2024-10-15,232.32,187.69,164.63,413.9,4.4
2024-10-16,230.27,186.89,164.33,411.31,4.37
2024-10-17,230.63,187.53,162.11,411.9,4.35
2024-10-18,233.47,188.99,162.6,413.33,4.4
2024-10-21,234.94,189.07,163.24,413.94,4.35
2024-10-22,234.32,189.7,164.31,422.57,4.38
2024-10-23,229.25,184.71,161.96,419.69,4.38
2024-10-24,229.07,186.38,161.9,419.82,4.33
2024-10-25,229.9,187.83,164.44,423.2,4.34
2024-10-28,231.88,188.39,165.88,421.66,4.4
2024-10-29,232.15,190.83,168.82,426.96,4.26
2024-10-30,228.6,192.73,173.58,427.53,4.28
2024-10-31,224.44,186.4,170.25,401.65,4.36
2024-11-01,221.46,197.93,170.43,405.63,4.48
2024-11-04,220.56,195.78,168.39,403.74,4.47
2024-11-05,221.99,199.5,168.88,406.7,4.5
2024-11-06,221.27,207.09,175.62,415.32,4.28
2024-11-07,226.0,210.05,179.84,420.51,4.39
2024-11-08,225.73,208.18,177.45,417.65,4.3
2024-11-11,223.01,206.84,179.44,413.18,4.39
2024-11-12,223.01,208.91,180.7,418.14,4.27
2024-11-13,223.9,214.1,177.98,420.28,4.27
2024-11-14,226.98,211.48,174.69,421.95,4.37
2024-11-15,223.78,202.61,171.62,410.2,4.44
2024-11-18,226.78,201.7,174.42,410.95,4.48
2024-11-19,227.04,204.61,177.22,412.96,4.41
2024-11-20,227.76,202.88,175.09,410.69,4.37
2024-11-21,227.28,198.38,166.78,408.91,4.39
2024-11-22,228.62,197.12,163.93,413.0,4.24
2024-11-25,231.6,201.45,166.8,414.78,4.31
2024-11-26,233.78,207.86,168.27,423.89,4.26
2024-11-27,233.65,205.74,168.38,418.94,4.25
2024-11-28,233.65,205.74,168.38,418.94,4.25
2024-11-29,236.04,207.89,168.1,419.4,4.25
2024-12-02,238.29,210.71,170.63,426.85,4.25
2024-12-03,241.33,213.44,170.48,427.07,4.31
2024-12-04,241.69,218.16,173.49,433.23,4.34
2024-12-05,241.72,220.55,171.77,438.38,4.54
2024-12-06,241.52,227.03,173.83,439.32,4.51
2024-12-09,245.41,226.09,174.69,441.75,4.51
2024-12-10,246.42,225.04,184.45,439.08,4.54
2024-12-11,245.15,230.26,194.64,444.69,4.5
2024-12-12,246.61,228.97,191.21,445.25,4.52
2024-12-13,246.78,227.46,189.08,442.98,4.55
2024-12-16,249.68,232.93,195.89,447.26,4.53
2024-12-17,252.1,231.15,194.66,450.1,4.33
2024-12-18,246.7,220.52,187.67,433.2,4.37
2024-12-19,248.43,223.29,187.77,432.84,4.27
2024-12-20,253.11,224.92,190.66,432.42,4.23
2024-12-23,253.88,225.06,193.87,431.08,4.2
2024-12-24,256.8,229.05,195.34,435.12,4.19
2024-12-26,257.61,227.05,194.84,433.91,4.19
2024-12-27,254.2,223.75,192.01,426.4,4.26
2024-12-30,250.83,221.3,190.49,420.76,4.27
2024-12-31,249.06,219.39,188.56,417.46,4.33
2025-01-02,242.53,220.22,188.69,414.57,4.27
2025-01-03,242.04,224.19,191.04,419.29,4.27
2025-01-06,243.67,227.61,196.1,423.75,4.42
2025-01-07,240.89,222.11,194.73,418.32,4.46
2025-01-08,241.38,222.13,193.19,420.49,4.44
2025-01-09,241.38,222.13,193.19,420.49,4.44
2025-01-10,235.56,218.94,191.29,414.94,4.43
2025-01-13,233.13,218.46,190.26,413.19,4.45
2025-01-14,232.01,217.76,188.92,411.69,4.55
2025-01-15,236.58,223.35,194.79,422.22,4.63
2025-01-16,227.02,220.66,192.16,420.51,4.64
2025-01-17,228.73,225.94,195.24,424.92,4.66
2025-01-20,228.73,225.94,195.24,424.92,4.75
2025-01-21,221.43,230.71,197.28,424.39,4.65
2025-01-22,222.61,235.01,197.6,441.92,4.6
2025-01-23,222.44,235.42,197.21,442.43,4.71
2025-01-24,221.57,234.85,199.43,439.8,4.74
2025-01-27,228.61,235.42,191.06,430.4,4.76
2025-01-28,236.97,238.15,194.54,442.91,4.77
2025-01-29,238.06,237.07,194.65,438.09,4.86
2025-01-30,236.3,234.64,200.09,411.01,4.88
2025-01-31,234.72,237.68,203.22,411.08,4.82
2025-02-03,226.77,237.42,200.44,406.98,4.7
2025-02-04,231.54,242.06,205.57,408.42,4.84
2025-02-05,231.21,236.17,190.58,409.33,5.24
2025-02-06,231.95,238.83,190.85,411.84,5.46
2025-02-07,226.39,229.15,184.62,405.82,5.36
2025-02-10,226.66,233.14,185.74,408.27,5.32
2025-02-11,231.61,232.76,184.6,407.5,5.49
2025-02-12,235.84,228.93,182.89,405.12,5.6
2025-02-13,240.48,230.37,185.41,406.61,5.55
2025-02-14,243.54,228.68,184.51,404.52,5.62
2025-02-17,243.54,228.68,184.51,404.52,5.64
2025-02-18,243.41,226.65,183.05,405.71,5.79
2025-02-19,243.81,226.63,184.55,410.8,5.63
2025-02-20,244.76,222.88,183.84,412.97,5.65
2025-02-21,244.48,216.58,178.96,405.11,5.71
2025-02-24,246.03,212.71,178.55,400.93,5.78
2025-02-25,245.97,212.8,174.74,394.88,5.87
2025-02-26,239.32,214.35,172.06,396.69,6.05
2025-02-27,236.27,208.74,167.84,389.55,6.02
